PLAYER,TEAM,AGE,GP,W,L,MIN,PTS,FGM,FGA,3:00 PM,3PA,FTM,FTA,OREB,DREB,REB,AST,TOV,STL,BLK,+/-
Jayson Tatum,BOS,25,74,52,22,2732.2,2225,727,1559,240,686,531,622,78,571,649,342,213,78,51,470
Luka Doncic,DAL,24,66,33,33,2390.5,2138,719,1449,185,541,515,694,54,515,569,529,236,90,33,128
Shai Gilgeous-Alexander,OKC,24,68,33,35,2416,2135,704,1381,58,168,669,739,59,270,329,371,192,112,65,149
Anthony Edwards,MIN,21,79,40,39,2841.5,1946,707,1541,213,578,319,422,47,411,458,350,259,125,58,97
Donovan Mitchell,CLE,26,68,44,24,2432.4,1922,679,1402,245,635,319,368,63,226,289,301,180,99,27,338
Trae Young,ATL,24,73,38,35,2540.7,1914,597,1390,154,460,566,639,56,161,217,741,300,80,9,100
Zach LaVine,CHI,28,77,38,39,2767.9,1913,673,1388,204,544,363,428,42,303,345,327,194,69,18,18
Damian Lillard,POR,32,58,27,31,2106.6,1866,556,1202,244,658,510,558,44,233,277,425,191,50,18,105
De'Aaron Fox,SAC,25,73,44,29,2435.2,1826,682,1331,119,367,343,440,40,266,306,447,181,83,23,176
DeMar DeRozan,CHI,33,74,37,37,2681.6,1816,657,1303,46,142,456,523,34,309,343,377,153,83,36,67
Jaylen Brown,BOS,26,67,46,21,2404.9,1784,679,1383,163,487,263,344,78,381,459,232,197,75,26,256
Jalen Green,HOU,21,76,20,56,2602.2,1683,566,1359,187,554,364,463,43,241,284,281,200,59,18,-447
Jordan Poole,GSW,24,82,44,38,2458.1,1675,550,1278,214,637,361,415,32,193,225,369,252,63,21,-11
Stephen Curry,GSW,35,56,30,26,1941.2,1648,559,1133,273,639,257,281,39,302,341,352,179,52,20,268
Jalen Brunson,NYK,26,68,40,28,2378.7,1633,587,1195,134,322,325,392,40,201,241,421,142,61,15,152
Kyrie Irving,DAL,31,60,32,28,2240.6,1623,594,1203,188,496,247,273,59,245,304,331,128,66,45,222
Ja Morant,MEM,23,61,40,21,1948.3,1596,566,1214,92,300,372,497,61,296,357,493,206,66,16,302
CJ McCollum,NOP,31,75,38,37,2649.2,1568,587,1344,211,543,183,238,55,273,328,429,183,70,38,59
Dejounte Murray,ATL,26,74,38,36,2693.4,1515,612,1319,133,387,158,190,53,336,389,448,160,112,19,-62
Klay Thompson,GSW,33,69,38,31,2278.9,1509,546,1252,301,731,116,132,39,247,286,163,123,49,29,163
Darius Garland,CLE,23,69,40,29,2447.2,1490,522,1129,169,412,277,321,28,157,185,538,199,85,9,438
Devin Booker,PHX,26,53,34,19,1835.4,1471,527,1067,111,316,306,358,46,194,240,293,145,51,18,247
RJ Barrett,NYK,23,73,40,33,2475.5,1431,510,1176,121,390,290,392,60,308,368,201,164,31,15,-62
Keldon Johnson,SAS,23,63,17,46,2063.3,1385,503,1113,134,407,245,327,56,262,318,183,134,46,11,-491
Spencer Dinwiddie,BKN,30,79,41,38,2725.3,1369,460,1050,181,490,268,330,28,242,270,515,145,67,24,-8
Tyler Herro,MIA,23,67,37,30,2335.4,1347,487,1109,203,537,170,182,27,333,360,280,158,51,16,170
Buddy Hield,IND,30,80,35,45,2481.9,1344,475,1038,288,677,106,129,67,333,400,225,139,92,26,-84
Fred VanVleet,TOR,29,69,34,35,2535,1335,437,1112,207,606,254,283,30,250,280,495,140,123,38,195
Terry Rozier,CHA,29,63,19,44,2220.9,1329,493,1188,165,505,178,220,51,208,259,319,134,74,16,-288
Anfernee Simons,POR,24,62,27,35,2170.7,1306,467,1045,212,562,160,179,18,143,161,253,128,42,14,-75
Bennedict Mathurin,IND,21,78,33,45,2222.4,1302,413,951,100,310,376,454,87,231,318,116,152,48,13,-179
Jamal Murray,DEN,26,65,43,22,2133.4,1298,473,1041,172,432,180,216,48,209,257,400,145,66,16,300
Jrue Holiday,MIL,33,67,50,17,2182.5,1290,490,1023,158,411,152,177,79,262,341,495,197,79,25,481
Jordan Clarkson,UTA,31,61,30,31,1988.3,1271,458,1031,155,459,200,245,72,174,246,270,186,33,13,35
D'Angelo Russell,LAL,27,71,39,32,2304.1,1263,445,948,194,490,179,216,35,180,215,437,186,70,29,85
Josh Giddey,OKC,20,76,34,42,2367.3,1260,539,1118,76,234,106,145,148,451,599,469,211,57,31,-105
Desmond Bane,MEM,25,58,38,20,1841.5,1247,450,939,166,407,181,205,43,248,291,254,126,56,22,356
Tyrese Maxey,PHI,22,60,39,21,2015.8,1218,439,913,160,369,180,213,23,153,176,212,80,49,8,241
James Harden,PHI,33,58,39,19,2135,1216,371,842,161,418,313,361,40,314,354,618,195,71,31,277
Immanuel Quickley,NYK,24,81,47,34,2344.1,1209,419,936,168,454,203,248,58,279,337,279,100,80,14,318
Jaden Ivey,DET,21,74,16,58,2304.3,1204,409,983,120,350,266,356,73,215,288,387,237,61,17,-642
Bradley Beal,WAS,30,50,24,26,1672.9,1160,444,878,80,219,192,228,41,155,196,271,145,45,33,42
Tyrese Haliburton,IND,23,56,28,28,1882.9,1160,412,841,161,402,175,201,33,172,205,585,141,91,25,-35
Russell Westbrook,LAC,34,73,36,37,2125.8,1159,432,991,89,286,206,314,89,334,423,551,255,76,33,-21
Gary Trent Jr.,TOR,24,66,31,35,2118,1148,405,935,166,450,172,205,30,143,173,106,55,104,14,-52
Kevin Huerter,SAC,24,75,44,31,2202.8,1140,420,866,205,510,95,131,42,209,251,221,97,80,24,222
Kevin Porter Jr.,HOU,23,59,18,41,2023.9,1130,391,884,141,385,207,264,76,238,314,338,188,82,17,-343
Jalen Williams,OKC,22,75,36,39,2275.6,1056,414,794,73,205,155,191,84,253,337,248,123,103,35,-53
Dillon Brooks,MEM,27,73,46,27,2214.3,1047,392,991,143,439,120,154,45,199,244,189,104,65,16,205
Malik Monk,SAC,25,77,47,30,1719.2,1041,357,796,143,398,184,207,32,171,203,298,146,49,20,68
De'Andre Hunter,ATL,25,67,35,32,2125.6,1029,379,822,100,286,171,207,46,238,284,94,82,35,17,-18
Malik Beasley,LAL,26,81,45,36,2093.1,1025,370,937,235,658,50,65,35,248,283,124,90,65,9,-87
Norman Powell,LAC,30,60,31,29,1567.1,1019,340,710,114,287,225,277,24,151,175,109,101,50,18,-124
Tim Hardaway Jr.,DAL,31,71,37,34,2152.2,1019,340,847,212,550,127,165,21,230,251,129,60,49,12,160
Derrick White,BOS,28,82,57,25,2319.3,1017,350,758,149,391,168,192,52,241,293,321,95,54,76,488
Luguentz Dort,OKC,24,74,36,38,2272.4,1013,339,873,135,409,200,259,128,216,344,154,92,75,23,34
Malcolm Brogdon,BOS,30,67,46,21,1743.8,1000,354,732,132,297,160,184,42,238,280,248,98,45,18,182
Kelly Oubre Jr.,CHA,27,48,16,32,1547.5,972,353,819,108,339,158,208,65,184,249,54,64,68,18,-278
Bruce Brown,DEN,26,80,53,27,2279.5,923,358,741,91,254,116,153,63,265,328,268,123,87,51,31
Max Strus,MIA,27,80,42,38,2272,923,324,790,197,563,78,89,49,209,258,171,69,42,12,-145
Caris LeVert,CLE,28,74,45,29,2237.3,897,320,742,127,324,130,180,53,229,282,287,116,72,24,194
Tre Jones,SAS,23,68,20,48,1983.7,875,341,743,45,158,148,172,56,189,245,448,110,89,9,-325
Eric Gordon,LAC,34,69,25,44,1965.5,856,291,653,132,356,142,173,16,118,134,183,104,43,25,-210
LaMelo Ball,CHA,21,36,13,23,1267.8,838,296,721,144,383,102,121,42,189,231,304,129,46,11,-150
Markelle Fultz,ORL,25,60,29,31,1777.9,837,349,679,27,87,112,143,69,165,234,341,139,87,26,-130
Austin Reaves,LAL,25,64,35,29,1843.2,833,259,490,86,216,229,265,33,160,193,215,99,33,19,214
Dennis Schroder,LAL,29,66,37,29,1985.9,830,270,650,74,225,216,252,21,144,165,298,112,50,10,125
Kentavious Caldwell-Pope,DEN,30,76,51,25,2381.2,822,292,632,135,319,103,125,35,173,208,183,86,112,35,493
Tyus Jones,MEM,27,80,51,29,1939.4,822,311,710,121,326,79,98,28,172,200,417,74,83,6,95
Chris Paul,PHX,38,59,33,26,1888.6,819,294,668,98,261,133,160,27,224,251,524,114,91,22,84
Quentin Grimes,NYK,23,71,41,30,2120.9,799,282,602,157,407,78,98,49,180,229,150,69,47,26,186
Mike Conley,MIN,35,67,34,33,2028.1,798,261,610,135,351,141,169,33,149,182,450,103,73,14,60
Shaedon Sharpe,POR,20,80,32,48,1778.6,789,306,648,102,283,75,105,63,173,236,94,83,38,24,-297
Killian Hayes,DET,21,76,16,60,2153.6,786,307,815,80,286,92,112,28,193,221,470,173,104,28,-500
Cole Anthony,ORL,23,60,28,32,1551.8,781,277,610,75,206,152,170,47,241,288,235,91,37,31,-26
De'Anthony Melton,PHI,25,77,50,27,2149.8,780,277,651,157,403,69,87,69,243,312,197,102,126,41,102
Bogdan Bogdanovic,ATL,30,54,27,27,1508.6,756,273,611,146,360,64,77,23,142,165,150,65,43,18,64
Grayson Allen,MIL,27,72,53,19,1972.1,750,245,557,146,366,114,126,61,176,237,163,72,62,14,227
Josh Hart,NYK,28,76,42,34,2454,743,275,520,61,164,132,176,142,451,593,290,117,88,21,315
Aaron Nesmith,IND,23,73,30,43,1816.4,738,252,590,115,314,119,142,62,215,277,98,75,55,34,-211
Coby White,CHI,23,74,37,37,1730.2,715,263,594,128,344,61,70,16,196,212,204,74,54,6,143
Terance Mann,LAC,26,81,44,37,1872.2,713,272,524,77,198,92,118,77,199,276,184,80,42,22,2
Andrew Nembhard,IND,23,75,32,43,2073.5,709,284,644,92,263,49,62,35,164,199,341,126,70,13,-263
Mikal Bridges,BKN,26,27,12,15,923,706,239,503,68,181,160,179,23,98,121,72,49,26,16,-7
Jaylen Nowell,MIN,23,65,34,31,1251.7,704,280,625,67,232,77,99,36,134,170,132,65,42,5,-8
Devin Vassell,SAS,22,38,12,26,1178.1,703,261,595,103,266,78,100,8,140,148,136,57,43,17,-295
Marcus Smart,BOS,29,61,43,18,1956.8,703,250,602,115,342,88,118,46,145,191,382,143,93,23,240
Talen Horton-Tucker,UTA,22,65,30,35,1313.2,698,257,613,58,203,126,168,41,169,210,246,126,41,29,-8
Reggie Jackson,DEN,33,68,36,32,1656.9,693,263,640,96,288,71,78,25,119,144,233,115,47,6,-79
Isaiah Joe,OKC,23,73,36,37,1395.3,691,224,508,161,394,82,100,27,148,175,88,39,48,8,213
Ayo Dosunmu,CHI,23,80,40,40,2097.6,687,281,570,59,189,66,82,45,175,220,206,99,62,26,-77
Collin Sexton,UTA,24,48,24,24,1145.2,685,237,468,48,122,163,199,37,68,105,138,85,27,6,-28
Donte DiVincenzo,GSW,26,72,42,30,1894.4,678,235,540,150,378,58,71,80,245,325,252,112,97,10,124
Bones Hyland,LAC,22,56,36,20,1085.5,659,228,571,117,315,86,102,20,115,135,172,82,39,15,-129
Josh Richardson,NOP,29,65,24,41,1529.6,654,239,554,107,293,69,81,41,134,175,174,86,69,20,-161
Lonnie Walker IV,LAL,24,56,27,29,1297,654,236,527,91,249,91,106,14,95,109,64,46,30,17,-207
Alec Burks,DET,31,51,12,39,1122.4,652,200,459,99,239,153,188,19,139,158,114,58,38,8,-7
Jevon Carter,MIL,27,81,57,24,1811.8,651,239,565,142,337,31,38,35,167,202,197,78,66,29,63
T.J. McConnell,IND,31,75,31,44,1526.4,650,283,521,26,59,58,68,45,189,234,397,143,81,10,-62
Kyle Anderson,MIN,29,69,36,33,1956.6,647,252,495,43,105,100,136,66,302,368,335,103,78,63,91
Gabe Vincent,MIA,27,68,37,31,1758.7,641,228,567,117,350,68,78,27,118,145,167,92,62,5,-28
Shake Milton,PHI,26,76,52,24,1567.4,637,241,503,56,148,99,116,39,152,191,240,94,25,13,144
Monte Morris,WAS,28,62,28,34,1696.1,636,247,515,78,204,64,77,26,184,210,326,60,43,13,6
Kyle Lowry,MIA,37,55,30,25,1717.7,615,196,485,107,310,116,135,43,182,225,281,103,57,21,55
Cam Thomas,BKN,21,57,30,27,947.6,604,201,456,51,133,151,174,8,87,95,78,63,20,7,-4
Damion Lee,PHX,30,74,40,34,1506.3,604,200,452,110,247,94,104,39,186,225,99,78,30,7,79
Joe Harris,BKN,31,74,40,34,1527.2,562,201,440,142,333,18,28,23,141,164,101,41,34,13,-24
Reggie Bullock,DAL,32,78,37,41,2364.5,561,192,470,151,397,26,37,32,251,283,108,36,54,13,-87
Seth Curry,BKN,32,61,37,24,1210.7,561,208,449,94,232,51,55,13,87,100,99,51,36,7,-69
Jose Alvarado,NOP,25,61,30,31,1310,550,201,489,83,247,65,80,28,113,141,186,81,67,10,103
Josh Green,DAL,22,60,27,33,1539.2,546,205,382,68,169,68,94,55,127,182,103,72,42,5,77
Luke Kennard,MEM,27,59,37,22,1315.1,546,188,382,133,269,37,39,15,143,158,91,46,32,5,211
Troy Brown Jr.,LAL,23,76,40,36,1859.8,541,200,465,107,281,34,39,62,246,308,95,49,59,16,-15
Devonte' Graham,SAS,28,73,31,42,1338.4,539,161,431,119,338,98,131,19,103,122,196,53,45,16,-159
Josh Okogie,PHX,24,72,38,34,1350.6,529,162,414,66,197,139,192,109,142,251,105,63,56,34,106
Jalen Suggs,ORL,22,53,20,33,1245.9,524,186,444,66,202,86,119,55,106,161,155,94,67,27,-40
Hamidou Diallo,DET,24,56,12,44,995.9,522,215,375,5,21,87,148,57,137,194,55,71,53,16,-16
Terrence Ross,PHX,32,63,27,36,1330.5,522,200,465,95,258,27,34,22,132,154,95,43,35,10,-76
Tre Mann,OKC,22,67,31,36,1183.4,517,197,501,81,257,42,55,27,128,155,120,62,40,11,57
Kendrick Nunn,WAS,27,70,30,40,963.4,496,191,450,79,223,35,41,15,94,109,90,66,28,7,-54
Cameron Payne,PHX,28,48,27,21,968.3,493,188,453,68,185,49,64,12,94,106,214,81,33,8,77
Isaac Okoro,CLE,22,76,48,28,1652.6,490,175,354,62,171,78,103,52,135,187,87,42,56,30,126
Aaron Wiggins,OKC,24,70,37,33,1297.4,479,186,363,48,122,59,71,68,143,211,80,56,39,15,9
Nicolas Batum,LAC,34,78,44,34,1709.6,478,160,381,124,317,34,48,62,237,299,121,50,54,44,165
Dennis Smith Jr.,CHA,25,54,19,35,1389.8,474,186,452,24,111,78,106,27,140,167,261,82,75,25,-70
Ochai Agbaji,UTA,23,59,29,30,1209.2,467,165,386,81,228,56,69,43,78,121,67,41,16,15,-19
Pat Connaughton,MIL,30,61,43,18,1442.7,466,165,421,109,322,27,41,50,233,283,77,33,37,11,134
Davion Mitchell,SAC,24,80,47,33,1447,450,181,399,63,197,25,31,16,89,105,185,62,44,15,1
Victor Oladipo,MIA,31,42,23,19,1105.6,449,160,403,70,212,59,79,16,112,128,146,87,57,12,-35
Terence Davis,SAC,26,64,38,26,841,431,154,364,89,243,34,43,20,119,139,67,53,43,12,47
Cory Joseph,DET,31,62,12,50,1227.4,427,150,351,70,180,57,72,21,85,106,217,56,34,9,-110
Kenrich Williams,OKC,28,53,26,27,1206,425,179,346,50,134,17,39,97,164,261,105,32,45,14,75
Jaden Hardy,DAL,20,48,20,28,708.4,420,146,333,63,156,65,79,11,78,89,65,46,17,7,-32
Patrick Beverley,CHI,34,67,34,33,1816.5,415,144,360,80,239,47,65,44,203,247,194,60,63,41,-80
Jordan Goodwin,WAS,24,62,22,40,1105.4,407,158,353,38,118,53,69,57,148,205,168,57,58,26,-117
Oshae Brissett,IND,25,65,27,38,1083.2,398,123,319,48,155,104,145,62,156,218,44,34,33,13,22
Gary Harris,ORL,28,48,22,26,1184.4,397,138,307,94,218,27,30,21,77,98,59,28,45,12,-84
Cam Reddish,POR,23,40,14,26,989.6,387,139,312,45,144,64,75,18,70,88,57,47,39,14,-193
John Wall,LAC,32,34,15,19,754.7,386,138,339,33,109,77,113,14,78,92,178,80,27,12,-106
Will Barton,TOR,32,56,27,29,993,379,138,364,66,180,37,47,15,122,137,112,48,28,13,-168
Edmond Sumner,BKN,27,53,33,20,736.2,378,124,269,31,87,99,108,13,66,79,68,50,31,10,25
Alex Caruso,CHI,29,67,33,34,1575.4,374,130,286,55,151,59,73,42,154,196,193,77,98,46,199
Josh Christopher,HOU,21,64,16,48,786.2,372,153,329,21,89,45,60,20,51,71,73,60,33,15,-225
Delon Wright,WAS,31,50,26,24,1221.2,369,138,291,41,119,52,60,58,122,180,194,44,92,17,69
Goran Dragic,MIL,37,58,27,31,870,365,141,335,52,145,31,45,16,65,81,151,63,13,4,5
John Konchar,MEM,27,72,45,27,1493.8,364,138,320,60,177,28,36,64,246,310,100,37,77,25,209
Nickeil Alexander-Walker,MIN,24,59,29,30,883.9,363,131,295,61,159,40,60,15,86,101,108,55,32,21,-51
Chris Duarte,IND,26,46,19,27,897.2,362,123,333,55,174,61,72,19,96,115,64,41,25,9,-114
Christian Braun,DEN,22,76,49,27,1181.1,360,143,289,34,96,40,64,48,133,181,59,35,41,17,-114
Nassir Little,POR,23,54,22,32,976.1,359,134,303,58,158,33,46,27,114,141,50,36,20,20,-190
Landry Shamet,PHX,26,40,19,21,806.9,346,113,300,75,199,45,51,11,56,67,93,36,26,5,38
Yuta Watanabe,BKN,28,58,30,28,927.8,322,114,232,60,135,34,47,30,111,141,48,22,25,17,-7
Joe Ingles,MIL,35,46,32,14,1043.5,317,108,248,83,203,18,21,13,115,128,150,55,33,6,80
Ty Jerome,GSW,25,45,22,23,815.6,309,118,242,35,90,38,41,7,71,78,135,30,23,5,-92
Moses Moody,GSW,21,63,37,26,817.1,302,108,227,49,135,37,53,28,77,105,51,34,18,7,-7
R.J. Hampton,DET,22,47,9,38,749.6,302,102,237,41,116,57,76,18,69,87,54,42,27,9,-140
Romeo Langford,SAS,23,43,14,29,844.3,297,121,259,16,61,39,56,57,57,114,50,30,24,13,-180
Theo Maledon,CHA,22,44,14,30,853.7,295,102,254,28,95,63,74,14,109,123,152,59,37,12,-147
Matisse Thybulle,POR,26,71,38,33,1200.4,293,110,253,54,148,19,28,40,100,140,53,24,83,32,-14
Rudy Gay,UTA,36,56,29,27,815.6,293,109,288,33,131,42,49,33,130,163,57,37,19,18,57
Ben Simmons,BKN,26,42,24,18,1105,291,133,235,0,2,25,57,40,223,263,256,97,54,24,40
Kris Dunn,UTA,29,22,8,14,567.5,290,116,216,17,36,41,53,9,91,100,124,35,25,10,-62
Payton Pritchard,BOS,25,48,32,16,642.8,270,101,245,56,154,12,16,25,63,88,64,40,14,1,12
Danuel House Jr.,PHI,30,56,38,18,807,268,93,197,37,110,45,60,9,85,94,44,26,14,9,-16
Garrison Mathews,ATL,26,54,16,38,686.3,257,73,201,63,180,48,53,11,62,73,26,19,24,5,-87
Austin Rivers,MIN,30,52,25,27,1016.3,255,91,209,43,123,30,39,5,78,83,75,23,28,4,-142
Aaron Holiday,ATL,26,63,32,31,845.3,247,92,220,36,88,27,32,25,49,74,89,36,37,12,17
Bryce McGowens,CHA,20,46,16,30,787,246,80,202,26,80,60,80,20,73,93,54,43,15,6,-150
Malachi Flynn,TOR,25,53,29,24,690.8,246,87,242,47,133,25,33,15,61,76,70,25,21,4,-40
Patty Mills,BKN,34,40,18,22,566.6,246,86,209,49,134,25,30,8,36,44,56,30,15,3,-66
Duane Washington Jr.,NYK,23,31,17,14,393.8,244,94,256,40,111,16,24,2,34,36,63,34,6,4,-6
Cade Cunningham,DET,21,12,3,9,400.2,239,93,224,17,61,36,43,12,62,74,72,39,10,7,-60
George Hill,IND,37,46,27,19,833.3,232,78,166,34,95,42,55,15,70,85,110,34,26,6,41
Dyson Daniels,NOP,20,59,33,26,1042.1,227,87,208,27,86,26,40,36,152,188,134,57,43,11,-7
Daishen Nix,HOU,21,57,15,42,914.4,226,81,237,40,140,24,36,18,80,98,132,86,31,7,-151
Miles McBride,NYK,22,64,36,28,760.2,222,77,215,40,134,28,42,13,37,50,72,25,37,8,53
Svi Mykhailiuk,CHA,26,32,16,16,467.9,222,77,173,42,99,26,39,15,38,53,53,24,15,4,20
Justin Holiday,DAL,34,46,18,28,706.1,205,77,204,46,143,5,8,5,50,55,41,22,19,19,-129
Justise Winslow,POR,27,29,15,14,775.8,196,81,198,14,45,20,28,49,96,145,98,43,30,11,-38
Caleb Houstan,ORL,20,51,20,31,812.2,193,66,182,46,136,15,18,34,65,99,30,18,12,7,-84
James Bouknight,CHA,22,34,9,25,515.5,191,69,193,33,109,20,30,8,64,72,41,32,14,5,-97
Keon Johnson,POR,21,40,13,27,416.4,189,67,178,28,81,27,41,11,33,44,59,43,19,6,-153
Blake Wesley,SAS,20,37,9,28,669.1,184,69,215,20,52,26,44,12,70,82,98,65,25,5,-198
Rodney McGruder,DET,31,32,4,28,523.9,183,62,152,41,97,18,22,20,54,74,28,11,16,1,-44
Wesley Matthews,MIL,36,52,37,15,820.4,179,58,160,39,124,24,28,34,79,113,34,18,20,13,53
Stanley Johnson,SAS,27,30,5,25,469.5,174,65,122,18,40,26,39,22,73,95,67,33,16,6,-92
Amir Coffey,LAC,26,50,26,24,625.3,172,56,145,11,40,49,63,17,36,53,53,21,7,5,-114
Ricky Rubio,CLE,32,33,23,10,566,171,61,178,21,82,28,35,9,61,70,115,31,26,6,45
Evan Fournier,NYK,30,27,15,12,458.7,165,56,166,35,114,18,21,4,45,49,36,22,16,3,-54
Javonte Green,CHI,29,32,13,19,480.3,165,61,108,13,35,30,45,27,61,88,23,20,24,21,48
Johnny Davis,WAS,21,28,10,18,422.6,163,66,171,17,70,14,27,10,55,65,28,17,10,8,-54
Jordan McLaughlin,MIN,27,43,22,21,678.5,161,61,145,24,78,15,18,15,47,62,148,33,32,4,84
Raul Neto,CLE,31,48,31,17,505.2,157,57,110,12,42,31,34,10,36,46,79,24,17,4,11
AJ Green,MIL,23,35,27,8,344.9,154,53,125,44,105,4,4,6,39,45,22,9,6,0,-26
Derrick Rose,NYK,34,27,12,15,337.9,152,61,159,19,63,11,12,8,32,40,46,22,7,5,-29
Saben Lee,PHX,24,25,15,10,373.5,151,49,121,11,30,42,57,13,32,45,67,24,19,1,-30
TyTy Washington Jr.,HOU,21,31,6,25,432.7,145,58,160,19,80,10,18,2,43,45,47,14,15,2,-47
Brandon Boston Jr.,LAC,21,22,9,13,248.3,143,51,122,12,29,29,38,7,23,30,20,12,9,0,-44
Kevon Harris,ORL,26,34,12,22,457,141,47,107,16,43,31,41,28,42,70,16,21,17,5,0
Furkan Korkmaz,PHI,25,37,24,13,353.5,140,48,111,18,46,26,36,6,36,42,22,24,10,3,2
Frank Ntilikina,DAL,24,47,20,27,607.6,135,48,132,17,67,22,33,7,55,62,58,29,16,7,35
Max Christie,LAL,20,41,19,22,512.4,128,44,106,26,62,14,16,7,68,75,21,13,9,7,-77
Kira Lewis Jr.,NOP,22,25,11,14,234.8,114,40,88,15,34,19,22,5,28,33,23,10,10,2,62
McKinley Wright IV,DAL,24,27,14,13,335,114,46,98,9,28,13,19,9,38,47,58,19,8,5,-110
Ish Smith,DEN,34,43,25,18,397.9,108,52,131,2,12,2,4,5,49,54,100,44,8,7,-36
Gary Payton II,GSW,30,22,13,9,367.6,101,41,69,13,26,6,7,24,45,69,30,16,22,5,39
Theo Pinson,DAL,27,40,19,21,323,95,31,87,22,62,11,13,10,53,63,46,12,6,1,-50
Skylar Mays,POR,25,6,1,5,188.8,92,34,68,12,26,12,13,2,17,19,50,10,6,1,-74
Bryn Forbes,MIN,29,25,9,16,267.7,89,30,83,14,46,15,15,4,11,15,17,12,7,2,-48
Davon Reed,LAL,28,43,29,14,342.5,89,28,84,17,46,16,24,10,49,59,23,20,15,4,-99
Johnny Juzang,UTA,22,18,6,12,232.3,87,35,104,15,63,2,4,8,31,39,8,3,4,3,-87
David Duke Jr.,BKN,23,23,10,13,228,85,36,78,1,12,12,17,11,18,29,21,18,10,1,-35
Kennedy Chandler,MEM,20,36,22,14,281.5,78,35,83,2,15,6,13,9,29,38,58,18,12,5,-41
Peyton Watson,DEN,20,23,13,10,186.1,75,29,59,6,14,11,20,8,29,37,11,8,2,11,-47
Kemba Walker,DAL,33,9,5,4,143.9,72,24,57,7,28,17,21,3,13,16,19,4,2,2,-1
Danny Green,CLE,36,11,6,5,138.7,61,22,49,16,37,1,1,3,11,14,6,10,6,3,-17
Jeff Dowtin Jr.,TOR,26,25,17,8,258.7,61,25,57,5,16,6,9,6,17,23,31,5,9,3,-9
A.J. Lawson,DAL,22,15,5,10,108.3,56,22,44,10,25,2,8,6,15,21,2,3,2,0,-46
Quenton Jackson,WAS,24,9,3,6,134.6,56,19,42,1,12,17,22,2,6,8,15,4,4,1,-17
Jeenathan Williams,POR,24,5,1,4,126.6,53,24,39,3,8,2,3,10,5,15,10,4,3,2,-38
Trent Forrest,ATL,25,23,9,14,277,52,25,60,0,2,2,3,5,32,37,38,15,7,2,-58
Garrett Temple,NOP,37,25,16,9,161.8,50,18,45,11,26,3,4,5,12,17,13,4,9,2,-17
Lindell Wigginton,MIL,25,7,4,3,86.7,50,18,37,6,18,8,9,0,7,7,14,12,0,2,-39
Matthew Dellavedova,SAC,32,32,19,13,212.8,47,17,50,9,27,4,7,1,12,13,41,10,7,0,-51
KZ Okpala,SAC,24,35,19,16,248,46,16,38,7,21,7,8,7,27,34,13,7,7,7,-11
Jared Rhoden,DET,23,14,2,12,197.9,45,17,44,5,20,6,6,11,26,37,4,3,4,1,21
Dru Smith,BKN,25,15,7,8,158.4,44,18,45,5,19,3,3,2,22,24,22,3,10,4,-28
Jarrett Culver,ATL,24,10,5,5,136.9,44,17,43,1,12,9,13,10,28,38,6,7,6,2,-19
Shaquille Harrison,LAL,29,5,1,4,119.9,44,15,36,3,10,11,15,1,21,22,30,6,11,2,-1
Jaden Springer,PHI,20,16,13,3,89.3,42,17,35,2,5,6,8,6,8,14,8,3,7,3,-3
Wendell Moore Jr.,MIN,21,29,16,13,152.7,42,18,43,2,17,4,5,4,14,18,18,8,8,5,-53
Jason Preston,LAC,23,14,4,10,123.8,41,18,41,5,18,0,2,2,20,22,27,10,2,0,-11
Jared Butler,OKC,22,6,3,3,76.5,37,15,32,7,14,0,0,1,3,4,8,5,5,0,-1
Vit Krejci,ATL,23,29,15,14,165.4,36,15,37,5,21,1,2,6,20,26,17,5,5,1,-3
Vince Williams Jr.,MEM,22,15,7,8,104.6,30,12,40,4,28,2,2,4,11,15,4,5,6,2,-34
Jordan Hall,SAS,21,9,1,8,82.7,28,9,28,3,15,7,9,3,9,12,11,7,1,0,-24
Joshua Primo,SAS,20,4,3,1,93.4,28,9,26,3,12,7,9,2,11,13,18,11,1,2,-2
Ryan Arcidiacono,POR,29,20,9,11,172.4,26,9,37,8,23,0,0,0,15,15,23,7,5,0,-40
Mac McClung,PHI,24,2,2,0,41.1,25,9,20,4,11,3,5,3,7,10,9,3,0,0,18
Sam Merrill,CLE,27,5,4,1,58.5,25,9,22,5,18,2,2,0,9,9,5,0,4,0,-5
Gabe York,IND,29,3,1,2,55.8,24,8,21,6,18,2,2,0,6,6,5,0,2,0,24
Keon Ellis,SAC,23,16,7,9,70.9,24,7,16,6,12,4,7,4,4,8,6,1,5,1,-21
Ryan Rollins,GSW,20,12,5,7,62.1,23,7,20,3,9,6,6,3,9,12,6,16,1,1,-47
PJ Dozier,SAC,26,16,11,5,79.3,22,10,33,2,16,0,0,1,13,14,10,5,6,1,-23
Trevelin Queen,IND,26,7,2,5,70,21,7,29,2,15,5,5,8,9,17,6,7,2,5,14
Tyrese Martin,ATL,24,16,10,6,65.5,21,9,23,1,7,2,2,5,7,12,2,2,1,0,1
Carlik Jones,CHI,25,7,4,3,56,20,6,15,3,6,5,8,1,4,5,6,2,2,0,26
JD Davison,BOS,20,12,11,1,65.7,19,8,19,2,7,1,2,2,7,9,11,4,2,2,-6
Andre Iguodala,GSW,39,8,3,5,112.6,17,7,15,1,9,2,3,3,14,17,19,9,4,3,35
Michael Carter-Williams,ORL,31,4,1,3,44.5,17,6,14,1,3,4,7,1,4,5,7,4,1,1,-26
Jamaree Bouyea,WAS,24,5,2,3,70.5,15,6,14,2,6,1,2,1,5,6,4,4,4,2,-17
Scotty Pippen Jr.,LAL,22,6,1,5,31.5,14,4,12,1,3,5,9,2,2,4,2,2,2,1,-1
Jay Scrubb,ORL,22,2,1,1,30.1,13,5,7,2,2,1,2,0,6,6,1,3,2,0,-16
Justin Champagnie,BOS,22,5,4,1,34.3,11,5,15,1,5,0,0,3,5,8,4,0,1,0,-4
Facundo Campazzo,DAL,32,8,2,6,52.2,10,3,13,3,11,1,2,0,2,2,9,3,6,0,11
Lester Quinones,GSW,22,4,4,0,18.1,10,2,5,2,4,4,6,1,2,3,2,5,1,0,6
Joe Wieskamp,TOR,23,9,6,3,49.7,9,3,14,3,12,0,0,0,4,4,3,1,0,0,2
Kendall Brown,IND,20,6,1,5,40.3,9,4,7,0,1,1,2,2,4,6,3,2,4,0,4
Trevor Hudgins,HOU,24,5,0,5,28.3,9,2,9,2,8,3,3,0,0,0,3,1,0,0,3
Tyler Dorsey,DAL,27,3,2,1,8.3,9,4,5,1,2,0,0,1,1,2,0,0,0,0,2
Xavier Moon,LAC,28,4,2,2,19.6,7,3,9,1,3,0,0,0,3,3,5,1,0,0,3
Dylan Windler,CLE,26,3,3,0,10.4,5,2,3,1,2,0,0,0,0,0,1,1,1,0,-1
Kobi Simmons,CHA,25,5,1,4,27.8,5,1,6,1,5,2,2,1,3,4,5,1,0,2,-19
Dereon Seabron,NOP,23,5,2,3,11.6,4,2,5,0,0,0,0,1,0,1,0,0,0,0,10
Donovan Williams,ATL,21,2,1,1,4.3,4,2,5,0,2,0,0,0,2,2,0,0,0,0,6
Devon Dotson,WAS,23,6,1,5,53.1,3,1,10,1,4,0,0,6,4,10,8,3,5,0,-3
Jacob Gilyard,MEM,24,1,0,1,40.8,3,1,3,1,3,0,0,0,4,4,7,2,3,0,-13
Jordan Schakel,WAS,25,2,0,2,6.2,3,1,2,1,1,0,0,0,0,0,1,0,1,0,6
Trevor Keels,NYK,19,3,3,0,8,3,1,4,1,4,0,0,0,2,2,0,0,0,0,-18
Stanley Umude,DET,24,1,0,1,2.1,2,0,1,0,1,2,2,0,0,0,0,0,1,1,3
Alondes Williams,BKN,24,1,1,0,5.3,0,0,0,0,0,0,0,0,1,1,0,2,0,0,-5
Deonte Burton,SAC,29,2,1,1,6.5,0,0,2,0,1,0,0,0,0,0,0,0,0,0,5
Frank Jackson,UTA,25,1,0,1,5,0,0,3,0,1,0,0,1,1,2,1,0,0,0,-2
Sterling Brown,LAL,28,4,2,2,24.4,0,0,4,0,2,0,0,3,5,8,2,0,3,0,-4